{"schemaVersion":"1.0","appDefinitionTemplate":{"id":"/providers/Microsoft.PowerApps/apps/","type":"Microsoft.PowerApps/apps","tags":{"primaryDeviceWidth":"1366","primaryDeviceHeight":"768","sienaVersion":"20200828T001427Z-3.20081.23.0","deviceCapabilities":"","supportsPortrait":"false","supportsLandscape":"true","primaryFormFactor":"Tablet","publisherVersion":"3.20081.23","minimumRequiredApiVersion":"2.2.0","hasComponent":"true","hasUnlockedComponent":"true","isUnifiedRootApp":"false"},"properties":{"appVersion":"2020-08-28T00:14:27Z","lifeCycleId":"Published","createdByClientVersion":{"major":3,"minor":20081,"build":23,"revision":0,"majorRevision":0,"minorRevision":0},"minClientVersion":{"major":3,"minor":20081,"build":23,"revision":0,"majorRevision":0,"minorRevision":0},"backgroundColor":"rgba(0, 176, 240, 1)","backgroundImageUri":"/6259594430575546866/N52c9ca57-23c8-4d3a-b965-84163d090a85-logoSmallFile","displayName":"MenuCustomizado_EduardoAmaral","description":"","commitMessage":"","appUris":{"documentUri":{"value":"/6259594430575546866/N71232f94-815d-492e-b9d1-8b8abcccd6e1-document.msapp","readonlyValue":"/6259594430575546866/N71232f94-815d-492e-b9d1-8b8abcccd6e1-document.msapp"},"imageUris":[]},"createdTime":"0001-01-01T00:00:00Z","lastModifiedTime":"0001-01-01T00:00:00Z","sharedGroupsCount":0,"sharedUsersCount":0,"icons":{"smallIconUri":"/6259594430575546866/N75dbb808-455f-48cc-8610-7b1833b6f7f2-small.png","mediumIconUri":"/6259594430575546866/N15ca57ee-102a-4b62-93cb-28dc2c679d04-medium.png","largeIconUri":"/6259594430575546866/N6a4defbb-eb2a-423b-8287-43a878c48bf2-large.png","wideIconUri":"/6259594430575546866/N7153df02-1759-4e82-bb0c-33892811778d-wide.png"},"connectionReferences":{},"databaseReferences":{},"almMode":"Environment","performanceOptimizationEnabled":true,"canConsumeAppPass":true},"isAppComponentLibrary":false,"appType":"ClassicCanvasApp","appComponents":[]}}